×éºÏID,¸÷Ä¿±ê²ÄÁÏ¸ùÊı,¸÷Ä¿±ê²ÄÁÏË³Ğò,ÇĞ¸î×é×°³¤¶È
1,"3110: 12, 5310: 1, 4340: 4","[3110, 3110, 3110, 3110, 3110, 3110, 3110, 5310, 4340, 3110, 3110, 3110, 4340, 4340, 3110, 4340, 3110]","[[np.int64(3110), np.int64(3110), np.int64(3110), np.int64(2670)], [np.int64(440), np.int64(3110), np.int64(3110), np.int64(3110), np.int64(2230)], [np.int64(3080), np.int64(4340), np.int64(3110), np.int64(1470)], [np.int64(1640), np.int64(3110), np.int64(4340), np.int64(2910)], [np.int64(1430), np.int64(3110), np.int64(4340), np.int64(3110), np.int64(10)]]"
2,"3110: 6, 5310: 1","[3110, 5310, 3110, 3110, 3110, 3110, 3110]","[[np.int64(3110), np.int64(5310), np.int64(3110), np.int64(470)], [np.int64(2640), np.int64(3110), np.int64(3110), np.int64(3110), np.int64(30)]]"
3,"3110: 5, 4340: 5, 5310: 2","[3110, 4340, 4340, 4340, 3110, 5310, 4340, 5310, 3110, 3110, 3110, 4340]","[[np.int64(3110), np.int64(4340), np.int64(4340), np.int64(210)], [np.int64(4130), np.int64(3110), np.int64(4760)], [np.int64(550), np.int64(4340), np.int64(5310), np.int64(1800)], [np.int64(1310), np.int64(3110), np.int64(3110), np.int64(4340), np.int64(130)]]"
4,"3110: 6, 5310: 1","[3110, 5310, 3110, 3110, 3110, 3110, 3110]","[[np.int64(3110), np.int64(5310), np.int64(3110), np.int64(470)], [np.int64(2640), np.int64(3110), np.int64(3110), np.int64(3110), np.int64(30)]]"
5,"3110: 5, 4340: 5, 5310: 2","[3110, 4340, 4340, 4340, 3110, 5310, 4340, 5310, 3110, 3110, 3110, 4340]","[[np.int64(3110), np.int64(4340), np.int64(4340), np.int64(210)], [np.int64(4130), np.int64(3110), np.int64(4760)], [np.int64(550), np.int64(4340), np.int64(5310), np.int64(1800)], [np.int64(1310), np.int64(3110), np.int64(3110), np.int64(4340), np.int64(130)]]"
6,"3110: 5, 4340: 5, 5310: 2","[3110, 4340, 4340, 4340, 3110, 5310, 4340, 5310, 3110, 3110, 3110, 4340]","[[np.int64(3110), np.int64(4340), np.int64(4340), np.int64(210)], [np.int64(4130), np.int64(3110), np.int64(4760)], [np.int64(550), np.int64(4340), np.int64(5310), np.int64(1800)], [np.int64(1310), np.int64(3110), np.int64(3110), np.int64(4340), np.int64(130)]]"
7,"4340: 6, 3110: 7","[4340, 4340, 3110, 4340, 4340, 3110, 3110, 3110, 4340, 3110, 4340, 3110, 3110]","[[np.int64(4340), np.int64(4340), np.int64(3110), np.int64(210)], [np.int64(4130), np.int64(4340), np.int64(3110), np.int64(420)], [np.int64(2690), np.int64(3110), np.int64(4340), np.int64(1860)], [np.int64(1250), np.int64(4340), np.int64(3110), np.int64(3110), np.int64(190)]]"
8,"4340: 6, 3110: 7","[4340, 4340, 3110, 4340, 4340, 3110, 3110, 3110, 4340, 3110, 4340, 3110, 3110]","[[np.int64(4340), np.int64(4340), np.int64(3110), np.int64(210)], [np.int64(4130), np.int64(4340), np.int64(3110), np.int64(420)], [np.int64(2690), np.int64(3110), np.int64(4340), np.int64(1860)], [np.int64(1250), np.int64(4340), np.int64(3110), np.int64(3110), np.int64(190)]]"
9,"3110: 6, 5310: 1","[3110, 5310, 3110, 3110, 3110, 3110, 3110]","[[np.int64(3110), np.int64(5310), np.int64(3110), np.int64(470)], [np.int64(2640), np.int64(3110), np.int64(3110), np.int64(3110), np.int64(30)]]"
10,"4340: 5, 3110: 5, 5310: 2","[4340, 3110, 3110, 3110, 4340, 3110, 4340, 5310, 4340, 3110, 5310, 4340]","[[np.int64(4340), np.int64(3110), np.int64(3110), np.int64(1440)], [np.int64(1670), np.int64(4340), np.int64(3110), np.int64(2880)], [np.int64(1460), np.int64(5310), np.int64(4340), np.int64(890)], [np.int64(2220), np.int64(5310), np.int64(4340), np.int64(130)]]"
11,"4340: 5, 3110: 5, 5310: 2","[4340, 3110, 3110, 3110, 4340, 3110, 4340, 5310, 4340, 3110, 5310, 4340]","[[np.int64(4340), np.int64(3110), np.int64(3110), np.int64(1440)], [np.int64(1670), np.int64(4340), np.int64(3110), np.int64(2880)], [np.int64(1460), np.int64(5310), np.int64(4340), np.int64(890)], [np.int64(2220), np.int64(5310), np.int64(4340), np.int64(130)]]"
12,"4340: 5, 3110: 5, 5310: 2","[4340, 3110, 3110, 3110, 4340, 3110, 4340, 5310, 4340, 3110, 5310, 4340]","[[np.int64(4340), np.int64(3110), np.int64(3110), np.int64(1440)], [np.int64(1670), np.int64(4340), np.int64(3110), np.int64(2880)], [np.int64(1460), np.int64(5310), np.int64(4340), np.int64(890)], [np.int64(2220), np.int64(5310), np.int64(4340), np.int64(130)]]"
13,"3110: 7, 4340: 6","[3110, 3110, 3110, 4340, 4340, 3110, 4340, 3110, 3110, 4340, 4340, 4340, 3110]","[[np.int64(3110), np.int64(3110), np.int64(3110), np.int64(2670)], [np.int64(1670), np.int64(4340), np.int64(3110), np.int64(2880)], [np.int64(1460), np.int64(3110), np.int64(3110), np.int64(180), np.int64(4140)], [200, np.int64(4340), np.int64(4340), np.int64(3110), np.int64(10)]]"
14,"4340: 5, 3110: 5, 5310: 2","[4340, 3110, 3110, 3110, 4340, 3110, 4340, 5310, 4340, 3110, 5310, 4340]","[[np.int64(4340), np.int64(3110), np.int64(3110), np.int64(1440)], [np.int64(1670), np.int64(4340), np.int64(3110), np.int64(2880)], [np.int64(1460), np.int64(5310), np.int64(4340), np.int64(890)], [np.int64(2220), np.int64(5310), np.int64(4340), np.int64(130)]]"
15,"4340: 9, 5310: 1, 3110: 5","[4340, 4340, 5310, 3110, 3110, 4340, 4340, 4340, 3110, 4340, 4340, 3110, 3110, 4340, 4340]","[[np.int64(4340), np.int64(4340), np.int64(3320)], [np.int64(1990), np.int64(3110), np.int64(3110), np.int64(3790)], [np.int64(550), np.int64(4340), np.int64(4340), np.int64(2770)], [np.int64(340), np.int64(4340), np.int64(4340), np.int64(70), np.int64(2910)], [200, np.int64(3110), np.int64(4340), np.int64(4340), np.int64(10)]]"
16,"3110: 6, 5310: 1","[3110, 5310, 3110, 3110, 3110, 3110, 3110]","[[np.int64(3110), np.int64(5310), np.int64(3110), np.int64(470)], [np.int64(2640), np.int64(3110), np.int64(3110), np.int64(3110), np.int64(30)]]"
17,"3110: 6, 5310: 1","[3110, 5310, 3110, 3110, 3110, 3110, 3110]","[[np.int64(3110), np.int64(5310), np.int64(3110), np.int64(470)], [np.int64(2640), np.int64(3110), np.int64(3110), np.int64(3110), np.int64(30)]]"
18,"3110: 7, 4340: 6","[3110, 3110, 3110, 4340, 4340, 3110, 4340, 3110, 3110, 4340, 4340, 4340, 3110]","[[np.int64(3110), np.int64(3110), np.int64(3110), np.int64(2670)], [np.int64(1670), np.int64(4340), np.int64(3110), np.int64(2880)], [np.int64(1460), np.int64(3110), np.int64(3110), np.int64(180), np.int64(4140)], [200, np.int64(4340), np.int64(4340), np.int64(3110), np.int64(10)]]"
19,"4340: 6, 3110: 7","[4340, 4340, 3110, 4340, 4340, 3110, 3110, 3110, 4340, 3110, 4340, 3110, 3110]","[[np.int64(4340), np.int64(4340), np.int64(3110), np.int64(210)], [np.int64(4130), np.int64(4340), np.int64(3110), np.int64(420)], [np.int64(2690), np.int64(3110), np.int64(4340), np.int64(1860)], [np.int64(1250), np.int64(4340), np.int64(3110), np.int64(3110), np.int64(190)]]"
20,"3110: 7, 4340: 6","[3110, 3110, 3110, 4340, 4340, 3110, 4340, 3110, 3110, 4340, 4340, 4340, 3110]","[[np.int64(3110), np.int64(3110), np.int64(3110), np.int64(2670)], [np.int64(1670), np.int64(4340), np.int64(3110), np.int64(2880)], [np.int64(1460), np.int64(3110), np.int64(3110), np.int64(180), np.int64(4140)], [200, np.int64(4340), np.int64(4340), np.int64(3110), np.int64(10)]]"
21,"3110: 7, 4340: 6","[3110, 3110, 3110, 4340, 4340, 3110, 4340, 3110, 3110, 4340, 4340, 4340, 3110]","[[np.int64(3110), np.int64(3110), np.int64(3110), np.int64(2670)], [np.int64(1670), np.int64(4340), np.int64(3110), np.int64(2880)], [np.int64(1460), np.int64(3110), np.int64(3110), np.int64(180), np.int64(4140)], [200, np.int64(4340), np.int64(4340), np.int64(3110), np.int64(10)]]"
22,"4340: 6, 3110: 7","[4340, 4340, 3110, 4340, 4340, 3110, 3110, 3110, 4340, 3110, 4340, 3110, 3110]","[[np.int64(4340), np.int64(4340), np.int64(3110), np.int64(210)], [np.int64(4130), np.int64(4340), np.int64(3110), np.int64(420)], [np.int64(2690), np.int64(3110), np.int64(4340), np.int64(1860)], [np.int64(1250), np.int64(4340), np.int64(3110), np.int64(3110), np.int64(190)]]"
23,"4340: 9, 3110: 5, 5310: 1","[4340, 3110, 5310, 4340, 4340, 3110, 4340, 4340, 3110, 3110, 3110, 4340, 4340, 4340, 4340]","[[np.int64(4340), np.int64(3110), np.int64(4550)], [np.int64(760), np.int64(4340), np.int64(4340), np.int64(2560)], [np.int64(550), np.int64(4340), np.int64(4340), np.int64(2770)], [np.int64(340), np.int64(3110), np.int64(3110), np.int64(4340), np.int64(1100)], [np.int64(3240), np.int64(4340), np.int64(4340), np.int64(80)]]"
24,"3110: 7, 4340: 6","[3110, 3110, 3110, 4340, 4340, 3110, 4340, 3110, 3110, 4340, 4340, 4340, 3110]","[[np.int64(3110), np.int64(3110), np.int64(3110), np.int64(2670)], [np.int64(1670), np.int64(4340), np.int64(3110), np.int64(2880)], [np.int64(1460), np.int64(3110), np.int64(3110), np.int64(180), np.int64(4140)], [200, np.int64(4340), np.int64(4340), np.int64(3110), np.int64(10)]]"
25,"3110: 7, 4340: 6","[3110, 3110, 3110, 4340, 4340, 3110, 4340, 3110, 3110, 4340, 4340, 4340, 3110]","[[np.int64(3110), np.int64(3110), np.int64(3110), np.int64(2670)], [np.int64(1670), np.int64(4340), np.int64(3110), np.int64(2880)], [np.int64(1460), np.int64(3110), np.int64(3110), np.int64(180), np.int64(4140)], [200, np.int64(4340), np.int64(4340), np.int64(3110), np.int64(10)]]"
26,"3110: 5, 5310: 3, 4340: 1","[3110, 5310, 5310, 4340, 3110, 3110, 3110, 3110, 5310]","[[np.int64(3110), np.int64(5310), np.int64(3580)], [np.int64(1730), np.int64(4340), np.int64(3110), np.int64(2820)], [np.int64(290), np.int64(3110), np.int64(3110), np.int64(5310), np.int64(180)]]"
27,"4340: 6, 3110: 7","[4340, 4340, 3110, 4340, 4340, 3110, 3110, 3110, 4340, 3110, 4340, 3110, 3110]","[[np.int64(4340), np.int64(4340), np.int64(3110), np.int64(210)], [np.int64(4130), np.int64(4340), np.int64(3110), np.int64(420)], [np.int64(2690), np.int64(3110), np.int64(4340), np.int64(1860)], [np.int64(1250), np.int64(4340), np.int64(3110), np.int64(3110), np.int64(190)]]"
28,"4340: 6, 3110: 7","[4340, 4340, 3110, 4340, 4340, 3110, 3110, 3110, 4340, 3110, 4340, 3110, 3110]","[[np.int64(4340), np.int64(4340), np.int64(3110), np.int64(210)], [np.int64(4130), np.int64(4340), np.int64(3110), np.int64(420)], [np.int64(2690), np.int64(3110), np.int64(4340), np.int64(1860)], [np.int64(1250), np.int64(4340), np.int64(3110), np.int64(3110), np.int64(190)]]"
29,"4340: 5, 5310: 2, 3110: 5","[4340, 5310, 3110, 3110, 4340, 5310, 4340, 3110, 3110, 4340, 3110, 4340]","[[np.int64(4340), np.int64(5310), np.int64(2350)], [np.int64(760), np.int64(3110), np.int64(4340), np.int64(3790)], [np.int64(1520), np.int64(4340), np.int64(3110), np.int64(120), np.int64(2910)], [200, np.int64(4340), np.int64(3110), np.int64(4340), np.int64(10)]]"
30,"3110: 7, 4340: 6","[3110, 3110, 3110, 4340, 4340, 3110, 4340, 3110, 3110, 4340, 4340, 4340, 3110]","[[np.int64(3110), np.int64(3110), np.int64(3110), np.int64(2670)], [np.int64(1670), np.int64(4340), np.int64(3110), np.int64(2880)], [np.int64(1460), np.int64(3110), np.int64(3110), np.int64(180), np.int64(4140)], [200, np.int64(4340), np.int64(4340), np.int64(3110), np.int64(10)]]"
31,"3110: 7, 4340: 6","[3110, 3110, 3110, 4340, 4340, 3110, 4340, 3110, 3110, 4340, 4340, 4340, 3110]","[[np.int64(3110), np.int64(3110), np.int64(3110), np.int64(2670)], [np.int64(1670), np.int64(4340), np.int64(3110), np.int64(2880)], [np.int64(1460), np.int64(3110), np.int64(3110), np.int64(180), np.int64(4140)], [200, np.int64(4340), np.int64(4340), np.int64(3110), np.int64(10)]]"
32,"4340: 9, 3110: 5, 5310: 1","[4340, 3110, 5310, 4340, 4340, 3110, 4340, 4340, 3110, 3110, 3110, 4340, 4340, 4340, 4340]","[[np.int64(4340), np.int64(3110), np.int64(4550)], [np.int64(760), np.int64(4340), np.int64(4340), np.int64(2560)], [np.int64(550), np.int64(4340), np.int64(4340), np.int64(2770)], [np.int64(340), np.int64(3110), np.int64(3110), np.int64(4340), np.int64(1100)], [np.int64(3240), np.int64(4340), np.int64(4340), np.int64(80)]]"
33,"3110: 5, 4340: 9, 5310: 1","[3110, 4340, 4340, 3110, 3110, 3110, 4340, 4340, 3110, 4340, 4340, 4340, 5310, 4340, 4340]","[[np.int64(3110), np.int64(4340), np.int64(4340), np.int64(210)], [np.int64(2900), np.int64(3110), np.int64(3110), np.int64(2880)], [np.int64(1460), np.int64(4340), np.int64(3110), np.int64(3090)], [np.int64(1250), np.int64(4340), np.int64(4340), np.int64(2070)], [np.int64(3240), np.int64(4340), np.int64(4340), np.int64(80)]]"
34,"3110: 6, 5310: 1","[3110, 5310, 3110, 3110, 3110, 3110, 3110]","[[np.int64(3110), np.int64(5310), np.int64(3110), np.int64(470)], [np.int64(2640), np.int64(3110), np.int64(3110), np.int64(3110), np.int64(30)]]"
35,"3110: 5, 4340: 5, 5310: 2","[3110, 4340, 4340, 4340, 3110, 5310, 4340, 5310, 3110, 3110, 3110, 4340]","[[np.int64(3110), np.int64(4340), np.int64(4340), np.int64(210)], [np.int64(4130), np.int64(3110), np.int64(4760)], [np.int64(550), np.int64(4340), np.int64(5310), np.int64(1800)], [np.int64(1310), np.int64(3110), np.int64(3110), np.int64(4340), np.int64(130)]]"
36,"3110: 7, 4340: 6","[3110, 3110, 3110, 4340, 4340, 3110, 4340, 3110, 3110, 4340, 4340, 4340, 3110]","[[np.int64(3110), np.int64(3110), np.int64(3110), np.int64(2670)], [np.int64(1670), np.int64(4340), np.int64(3110), np.int64(2880)], [np.int64(1460), np.int64(3110), np.int64(3110), np.int64(180), np.int64(4140)], [200, np.int64(4340), np.int64(4340), np.int64(3110), np.int64(10)]]"
37,"3110: 6, 5310: 1","[3110, 5310, 3110, 3110, 3110, 3110, 3110]","[[np.int64(3110), np.int64(5310), np.int64(3110), np.int64(470)], [np.int64(2640), np.int64(3110), np.int64(3110), np.int64(3110), np.int64(30)]]"
38,"3110: 5, 4340: 9, 5310: 1","[3110, 4340, 4340, 3110, 3110, 3110, 4340, 4340, 3110, 4340, 4340, 4340, 5310, 4340, 4340]","[[np.int64(3110), np.int64(4340), np.int64(4340), np.int64(210)], [np.int64(2900), np.int64(3110), np.int64(3110), np.int64(2880)], [np.int64(1460), np.int64(4340), np.int64(3110), np.int64(3090)], [np.int64(1250), np.int64(4340), np.int64(4340), np.int64(2070)], [np.int64(3240), np.int64(4340), np.int64(4340), np.int64(80)]]"
39,"5310: 1, 3110: 6","[5310, 3110, 3110, 3110, 3110, 3110, 3110]","[[np.int64(5310), np.int64(3110), np.int64(3110), np.int64(470)], [np.int64(2640), np.int64(3110), np.int64(3110), np.int64(3110), np.int64(30)]]"
40,"4340: 9, 3110: 5, 5310: 1","[4340, 3110, 5310, 4340, 4340, 3110, 4340, 4340, 3110, 3110, 3110, 4340, 4340, 4340, 4340]","[[np.int64(4340), np.int64(3110), np.int64(4550)], [np.int64(760), np.int64(4340), np.int64(4340), np.int64(2560)], [np.int64(550), np.int64(4340), np.int64(4340), np.int64(2770)], [np.int64(340), np.int64(3110), np.int64(3110), np.int64(4340), np.int64(1100)], [np.int64(3240), np.int64(4340), np.int64(4340), np.int64(80)]]"
41,"3110: 5, 5310: 2, 4340: 5","[3110, 3110, 5310, 4340, 5310, 4340, 4340, 4340, 3110, 3110, 4340, 3110]","[[np.int64(3110), np.int64(3110), np.int64(5310), np.int64(470)], [np.int64(3870), np.int64(5310), np.int64(2820)], [np.int64(1520), np.int64(4340), np.int64(4340), np.int64(1800)], [np.int64(1310), np.int64(3110), np.int64(4340), np.int64(3110), np.int64(130)]]"
42,"3110: 5, 4340: 5, 5310: 2","[3110, 4340, 4340, 4340, 3110, 5310, 4340, 5310, 3110, 3110, 3110, 4340]","[[np.int64(3110), np.int64(4340), np.int64(4340), np.int64(210)], [np.int64(4130), np.int64(3110), np.int64(4760)], [np.int64(550), np.int64(4340), np.int64(5310), np.int64(1800)], [np.int64(1310), np.int64(3110), np.int64(3110), np.int64(4340), np.int64(130)]]"
43,"3110: 5, 4340: 9, 5310: 1","[3110, 4340, 4340, 3110, 3110, 3110, 4340, 4340, 3110, 4340, 4340, 4340, 5310, 4340, 4340]","[[np.int64(3110), np.int64(4340), np.int64(4340), np.int64(210)], [np.int64(2900), np.int64(3110), np.int64(3110), np.int64(2880)], [np.int64(1460), np.int64(4340), np.int64(3110), np.int64(3090)], [np.int64(1250), np.int64(4340), np.int64(4340), np.int64(2070)], [np.int64(3240), np.int64(4340), np.int64(4340), np.int64(80)]]"
44,"3110: 5, 4340: 5, 5310: 2","[3110, 4340, 4340, 4340, 3110, 5310, 4340, 5310, 3110, 3110, 3110, 4340]","[[np.int64(3110), np.int64(4340), np.int64(4340), np.int64(210)], [np.int64(4130), np.int64(3110), np.int64(4760)], [np.int64(550), np.int64(4340), np.int64(5310), np.int64(1800)], [np.int64(1310), np.int64(3110), np.int64(3110), np.int64(4340), np.int64(130)]]"
45,"5310: 1, 3110: 6","[5310, 3110, 3110, 3110, 3110, 3110, 3110]","[[np.int64(5310), np.int64(3110), np.int64(3110), np.int64(470)], [np.int64(2640), np.int64(3110), np.int64(3110), np.int64(3110), np.int64(30)]]"
46,"3110: 5, 4340: 9, 5310: 1","[3110, 4340, 4340, 3110, 3110, 3110, 4340, 4340, 3110, 4340, 4340, 4340, 5310, 4340, 4340]","[[np.int64(3110), np.int64(4340), np.int64(4340), np.int64(210)], [np.int64(2900), np.int64(3110), np.int64(3110), np.int64(2880)], [np.int64(1460), np.int64(4340), np.int64(3110), np.int64(3090)], [np.int64(1250), np.int64(4340), np.int64(4340), np.int64(2070)], [np.int64(3240), np.int64(4340), np.int64(4340), np.int64(80)]]"
47,"5310: 1, 3110: 6","[5310, 3110, 3110, 3110, 3110, 3110, 3110]","[[np.int64(5310), np.int64(3110), np.int64(3110), np.int64(470)], [np.int64(2640), np.int64(3110), np.int64(3110), np.int64(3110), np.int64(30)]]"
48,"4340: 13, 3110: 5","[4340, 4340, 4340, 3110, 4340, 3110, 4340, 3110, 3110, 3110, 4340, 4340, 4340, 4340, 4340, 4340, 4340, 4340]","[[np.int64(4340), np.int64(4340), np.int64(3320)], [np.int64(1020), np.int64(3110), np.int64(4340), np.int64(3110), np.int64(420)], [np.int64(3920), np.int64(3110), np.int64(3110), np.int64(1860)], [np.int64(1250), np.int64(4340), np.int64(4340), np.int64(2070)], [np.int64(2270), np.int64(4340), np.int64(4340), np.int64(1050)], [np.int64(3290), np.int64(4340), np.int64(4340), np.int64(30)]]"
49,"3110: 6, 5310: 1","[3110, 5310, 3110, 3110, 3110, 3110, 3110]","[[np.int64(3110), np.int64(5310), np.int64(3110), np.int64(470)], [np.int64(2640), np.int64(3110), np.int64(3110), np.int64(3110), np.int64(30)]]"
50,"3110: 5, 4340: 5, 5310: 2","[3110, 4340, 4340, 4340, 3110, 5310, 4340, 5310, 3110, 3110, 3110, 4340]","[[np.int64(3110), np.int64(4340), np.int64(4340), np.int64(210)], [np.int64(4130), np.int64(3110), np.int64(4760)], [np.int64(550), np.int64(4340), np.int64(5310), np.int64(1800)], [np.int64(1310), np.int64(3110), np.int64(3110), np.int64(4340), np.int64(130)]]"
51,"4340: 6, 3110: 7","[4340, 4340, 3110, 4340, 4340, 3110, 3110, 3110, 4340, 3110, 4340, 3110, 3110]","[[np.int64(4340), np.int64(4340), np.int64(3110), np.int64(210)], [np.int64(4130), np.int64(4340), np.int64(3110), np.int64(420)], [np.int64(2690), np.int64(3110), np.int64(4340), np.int64(1860)], [np.int64(1250), np.int64(4340), np.int64(3110), np.int64(3110), np.int64(190)]]"
52,"3110: 7, 4340: 6","[3110, 3110, 3110, 4340, 4340, 3110, 4340, 3110, 3110, 4340, 4340, 4340, 3110]","[[np.int64(3110), np.int64(3110), np.int64(3110), np.int64(2670)], [np.int64(1670), np.int64(4340), np.int64(3110), np.int64(2880)], [np.int64(1460), np.int64(3110), np.int64(3110), np.int64(180), np.int64(4140)], [200, np.int64(4340), np.int64(4340), np.int64(3110), np.int64(10)]]"
53,"4340: 6, 3110: 7","[4340, 4340, 3110, 4340, 4340, 3110, 3110, 3110, 4340, 3110, 4340, 3110, 3110]","[[np.int64(4340), np.int64(4340), np.int64(3110), np.int64(210)], [np.int64(4130), np.int64(4340), np.int64(3110), np.int64(420)], [np.int64(2690), np.int64(3110), np.int64(4340), np.int64(1860)], [np.int64(1250), np.int64(4340), np.int64(3110), np.int64(3110), np.int64(190)]]"
54,"3110: 7, 4340: 6","[3110, 3110, 3110, 4340, 4340, 3110, 4340, 3110, 3110, 4340, 4340, 4340, 3110]","[[np.int64(3110), np.int64(3110), np.int64(3110), np.int64(2670)], [np.int64(1670), np.int64(4340), np.int64(3110), np.int64(2880)], [np.int64(1460), np.int64(3110), np.int64(3110), np.int64(180), np.int64(4140)], [200, np.int64(4340), np.int64(4340), np.int64(3110), np.int64(10)]]"
55,"4340: 9, 3110: 5, 5310: 1","[4340, 3110, 5310, 4340, 4340, 3110, 4340, 4340, 3110, 3110, 3110, 4340, 4340, 4340, 4340]","[[np.int64(4340), np.int64(3110), np.int64(4550)], [np.int64(760), np.int64(4340), np.int64(4340), np.int64(2560)], [np.int64(550), np.int64(4340), np.int64(4340), np.int64(2770)], [np.int64(340), np.int64(3110), np.int64(3110), np.int64(4340), np.int64(1100)], [np.int64(3240), np.int64(4340), np.int64(4340), np.int64(80)]]"
56,"3110: 5, 4340: 5, 5310: 2","[3110, 4340, 4340, 4340, 3110, 5310, 4340, 5310, 3110, 3110, 3110, 4340]","[[np.int64(3110), np.int64(4340), np.int64(4340), np.int64(210)], [np.int64(4130), np.int64(3110), np.int64(4760)], [np.int64(550), np.int64(4340), np.int64(5310), np.int64(1800)], [np.int64(1310), np.int64(3110), np.int64(3110), np.int64(4340), np.int64(130)]]"
57,"4340: 5, 5310: 2, 3110: 5","[4340, 5310, 3110, 3110, 4340, 5310, 4340, 3110, 3110, 4340, 3110, 4340]","[[np.int64(4340), np.int64(5310), np.int64(2350)], [np.int64(760), np.int64(3110), np.int64(4340), np.int64(3790)], [np.int64(1520), np.int64(4340), np.int64(3110), np.int64(120), np.int64(2910)], [200, np.int64(4340), np.int64(3110), np.int64(4340), np.int64(10)]]"
58,"3110: 6, 5310: 1","[3110, 5310, 3110, 3110, 3110, 3110, 3110]","[[np.int64(3110), np.int64(5310), np.int64(3110), np.int64(470)], [np.int64(2640), np.int64(3110), np.int64(3110), np.int64(3110), np.int64(30)]]"
59,"3110: 6, 5310: 1","[3110, 5310, 3110, 3110, 3110, 3110, 3110]","[[np.int64(3110), np.int64(5310), np.int64(3110), np.int64(470)], [np.int64(2640), np.int64(3110), np.int64(3110), np.int64(3110), np.int64(30)]]"
60,"5310: 3, 3110: 5, 4340: 1","[5310, 3110, 5310, 3110, 3110, 3110, 4340, 3110, 5310]","[[np.int64(5310), np.int64(3110), np.int64(3580)], [np.int64(1730), np.int64(3110), np.int64(3110), np.int64(3110), np.int64(940)], [np.int64(3400), np.int64(3110), np.int64(5310), np.int64(180)]]"
61,"3110: 6, 5310: 1","[3110, 5310, 3110, 3110, 3110, 3110, 3110]","[[np.int64(3110), np.int64(5310), np.int64(3110), np.int64(470)], [np.int64(2640), np.int64(3110), np.int64(3110), np.int64(3110), np.int64(30)]]"
62,"3110: 7, 4340: 6","[3110, 3110, 3110, 4340, 4340, 3110, 4340, 3110, 3110, 4340, 4340, 4340, 3110]","[[np.int64(3110), np.int64(3110), np.int64(3110), np.int64(2670)], [np.int64(1670), np.int64(4340), np.int64(3110), np.int64(2880)], [np.int64(1460), np.int64(3110), np.int64(3110), np.int64(180), np.int64(4140)], [200, np.int64(4340), np.int64(4340), np.int64(3110), np.int64(10)]]"
63,"3110: 7, 4340: 6","[3110, 3110, 3110, 4340, 4340, 3110, 4340, 3110, 3110, 4340, 4340, 4340, 3110]","[[np.int64(3110), np.int64(3110), np.int64(3110), np.int64(2670)], [np.int64(1670), np.int64(4340), np.int64(3110), np.int64(2880)], [np.int64(1460), np.int64(3110), np.int64(3110), np.int64(180), np.int64(4140)], [200, np.int64(4340), np.int64(4340), np.int64(3110), np.int64(10)]]"
64,"4340: 6, 3110: 7","[4340, 4340, 3110, 4340, 4340, 3110, 3110, 3110, 4340, 3110, 4340, 3110, 3110]","[[np.int64(4340), np.int64(4340), np.int64(3110), np.int64(210)], [np.int64(4130), np.int64(4340), np.int64(3110), np.int64(420)], [np.int64(2690), np.int64(3110), np.int64(4340), np.int64(1860)], [np.int64(1250), np.int64(4340), np.int64(3110), np.int64(3110), np.int64(190)]]"
65,"3110: 6, 5310: 1","[3110, 5310, 3110, 3110, 3110, 3110, 3110]","[[np.int64(3110), np.int64(5310), np.int64(3110), np.int64(470)], [np.int64(2640), np.int64(3110), np.int64(3110), np.int64(3110), np.int64(30)]]"
66,"4340: 6, 3110: 7","[4340, 4340, 3110, 4340, 4340, 3110, 3110, 3110, 4340, 3110, 4340, 3110, 3110]","[[np.int64(4340), np.int64(4340), np.int64(3110), np.int64(210)], [np.int64(4130), np.int64(4340), np.int64(3110), np.int64(420)], [np.int64(2690), np.int64(3110), np.int64(4340), np.int64(1860)], [np.int64(1250), np.int64(4340), np.int64(3110), np.int64(3110), np.int64(190)]]"
67,"3110: 7, 4340: 6","[3110, 3110, 3110, 4340, 4340, 3110, 4340, 3110, 3110, 4340, 4340, 4340, 3110]","[[np.int64(3110), np.int64(3110), np.int64(3110), np.int64(2670)], [np.int64(1670), np.int64(4340), np.int64(3110), np.int64(2880)], [np.int64(1460), np.int64(3110), np.int64(3110), np.int64(180), np.int64(4140)], [200, np.int64(4340), np.int64(4340), np.int64(3110), np.int64(10)]]"
68,"4340: 8, 3110: 3, 5310: 3","[4340, 4340, 3110, 4340, 4340, 4340, 5310, 4340, 5310, 3110, 4340, 4340, 3110, 5310]","[[np.int64(4340), np.int64(4340), np.int64(3110), np.int64(210)], [np.int64(4130), np.int64(4340), np.int64(3530)], [np.int64(810), np.int64(5310), np.int64(4340), np.int64(1540)], [np.int64(3770), np.int64(3110), np.int64(4340), np.int64(780)], [np.int64(3560), np.int64(3110), np.int64(5310), np.int64(20)]]"
69,"4340: 4, 5310: 4, 3110: 3","[4340, 5310, 4340, 4340, 5310, 5310, 4340, 5310, 3110, 3110, 3110]","[[np.int64(4340), np.int64(5310), np.int64(2350)], [np.int64(1990), np.int64(4340), np.int64(5310), np.int64(360)], [np.int64(4950), np.int64(4340), np.int64(2710)], [np.int64(2600), np.int64(3110), np.int64(3110), np.int64(3110), np.int64(70)]]"
70,"4340: 5, 3110: 5, 5310: 2","[4340, 3110, 3110, 3110, 4340, 3110, 4340, 5310, 4340, 3110, 5310, 4340]","[[np.int64(4340), np.int64(3110), np.int64(3110), np.int64(1440)], [np.int64(1670), np.int64(4340), np.int64(3110), np.int64(2880)], [np.int64(1460), np.int64(5310), np.int64(4340), np.int64(890)], [np.int64(2220), np.int64(5310), np.int64(4340), np.int64(130)]]"
71,"3110: 6, 5310: 1","[3110, 5310, 3110, 3110, 3110, 3110, 3110]","[[np.int64(3110), np.int64(5310), np.int64(3110), np.int64(470)], [np.int64(2640), np.int64(3110), np.int64(3110), np.int64(3110), np.int64(30)]]"
72,"3110: 5, 4340: 9, 5310: 1","[3110, 4340, 4340, 3110, 3110, 3110, 4340, 4340, 3110, 4340, 4340, 4340, 5310, 4340, 4340]","[[np.int64(3110), np.int64(4340), np.int64(4340), np.int64(210)], [np.int64(2900), np.int64(3110), np.int64(3110), np.int64(2880)], [np.int64(1460), np.int64(4340), np.int64(3110), np.int64(3090)], [np.int64(1250), np.int64(4340), np.int64(4340), np.int64(2070)], [np.int64(3240), np.int64(4340), np.int64(4340), np.int64(80)]]"
73,"4340: 5, 3110: 5, 5310: 2","[4340, 3110, 3110, 3110, 4340, 3110, 4340, 5310, 4340, 3110, 5310, 4340]","[[np.int64(4340), np.int64(3110), np.int64(3110), np.int64(1440)], [np.int64(1670), np.int64(4340), np.int64(3110), np.int64(2880)], [np.int64(1460), np.int64(5310), np.int64(4340), np.int64(890)], [np.int64(2220), np.int64(5310), np.int64(4340), np.int64(130)]]"
74,"4340: 6, 3110: 7","[4340, 4340, 3110, 4340, 4340, 3110, 3110, 3110, 4340, 3110, 4340, 3110, 3110]","[[np.int64(4340), np.int64(4340), np.int64(3110), np.int64(210)], [np.int64(4130), np.int64(4340), np.int64(3110), np.int64(420)], [np.int64(2690), np.int64(3110), np.int64(4340), np.int64(1860)], [np.int64(1250), np.int64(4340), np.int64(3110), np.int64(3110), np.int64(190)]]"
75,"4340: 6, 3110: 7","[4340, 4340, 3110, 4340, 4340, 3110, 3110, 3110, 4340, 3110, 4340, 3110, 3110]","[[np.int64(4340), np.int64(4340), np.int64(3110), np.int64(210)], [np.int64(4130), np.int64(4340), np.int64(3110), np.int64(420)], [np.int64(2690), np.int64(3110), np.int64(4340), np.int64(1860)], [np.int64(1250), np.int64(4340), np.int64(3110), np.int64(3110), np.int64(190)]]"
76,"3110: 6, 5310: 1","[3110, 5310, 3110, 3110, 3110, 3110, 3110]","[[np.int64(3110), np.int64(5310), np.int64(3110), np.int64(470)], [np.int64(2640), np.int64(3110), np.int64(3110), np.int64(3110), np.int64(30)]]"
77,"4340: 5, 3110: 5, 5310: 2","[4340, 3110, 3110, 3110, 4340, 3110, 4340, 5310, 4340, 3110, 5310, 4340]","[[np.int64(4340), np.int64(3110), np.int64(3110), np.int64(1440)], [np.int64(1670), np.int64(4340), np.int64(3110), np.int64(2880)], [np.int64(1460), np.int64(5310), np.int64(4340), np.int64(890)], [np.int64(2220), np.int64(5310), np.int64(4340), np.int64(130)]]"
78,"4340: 5, 3110: 5, 5310: 2","[4340, 3110, 3110, 3110, 4340, 3110, 4340, 5310, 4340, 3110, 5310, 4340]","[[np.int64(4340), np.int64(3110), np.int64(3110), np.int64(1440)], [np.int64(1670), np.int64(4340), np.int64(3110), np.int64(2880)], [np.int64(1460), np.int64(5310), np.int64(4340), np.int64(890)], [np.int64(2220), np.int64(5310), np.int64(4340), np.int64(130)]]"
79,"3110: 5, 5310: 2, 4340: 5","[3110, 3110, 5310, 4340, 5310, 4340, 4340, 4340, 3110, 3110, 4340, 3110]","[[np.int64(3110), np.int64(3110), np.int64(5310), np.int64(470)], [np.int64(3870), np.int64(5310), np.int64(2820)], [np.int64(1520), np.int64(4340), np.int64(4340), np.int64(1800)], [np.int64(1310), np.int64(3110), np.int64(4340), np.int64(3110), np.int64(130)]]"
80,"3110: 6, 5310: 1","[3110, 5310, 3110, 3110, 3110, 3110, 3110]","[[np.int64(3110), np.int64(5310), np.int64(3110), np.int64(470)], [np.int64(2640), np.int64(3110), np.int64(3110), np.int64(3110), np.int64(30)]]"
81,"4340: 6, 3110: 7","[4340, 4340, 3110, 4340, 4340, 3110, 3110, 3110, 4340, 3110, 4340, 3110, 3110]","[[np.int64(4340), np.int64(4340), np.int64(3110), np.int64(210)], [np.int64(4130), np.int64(4340), np.int64(3110), np.int64(420)], [np.int64(2690), np.int64(3110), np.int64(4340), np.int64(1860)], [np.int64(1250), np.int64(4340), np.int64(3110), np.int64(3110), np.int64(190)]]"
82,"3110: 3, 5310: 4, 4340: 4","[3110, 5310, 5310, 4340, 4340, 4340, 5310, 5310, 3110, 3110, 4340]","[[np.int64(3110), np.int64(5310), np.int64(3580)], [np.int64(1730), np.int64(4340), np.int64(4340), np.int64(1590)], [np.int64(2750), np.int64(5310), np.int64(3940)], [np.int64(1370), np.int64(3110), np.int64(3110), np.int64(4340), np.int64(70)]]"
83,"3110: 7, 4340: 6","[3110, 3110, 3110, 4340, 4340, 3110, 4340, 3110, 3110, 4340, 4340, 4340, 3110]","[[np.int64(3110), np.int64(3110), np.int64(3110), np.int64(2670)], [np.int64(1670), np.int64(4340), np.int64(3110), np.int64(2880)], [np.int64(1460), np.int64(3110), np.int64(3110), np.int64(180), np.int64(4140)], [200, np.int64(4340), np.int64(4340), np.int64(3110), np.int64(10)]]"
84,"3110: 7, 4340: 6","[3110, 3110, 3110, 4340, 4340, 3110, 4340, 3110, 3110, 4340, 4340, 4340, 3110]","[[np.int64(3110), np.int64(3110), np.int64(3110), np.int64(2670)], [np.int64(1670), np.int64(4340), np.int64(3110), np.int64(2880)], [np.int64(1460), np.int64(3110), np.int64(3110), np.int64(180), np.int64(4140)], [200, np.int64(4340), np.int64(4340), np.int64(3110), np.int64(10)]]"
85,"3110: 5, 4340: 5, 5310: 2","[3110, 4340, 4340, 4340, 3110, 5310, 4340, 5310, 3110, 3110, 3110, 4340]","[[np.int64(3110), np.int64(4340), np.int64(4340), np.int64(210)], [np.int64(4130), np.int64(3110), np.int64(4760)], [np.int64(550), np.int64(4340), np.int64(5310), np.int64(1800)], [np.int64(1310), np.int64(3110), np.int64(3110), np.int64(4340), np.int64(130)]]"
86,"4340: 6, 3110: 7","[4340, 4340, 3110, 4340, 4340, 3110, 3110, 3110, 4340, 3110, 4340, 3110, 3110]","[[np.int64(4340), np.int64(4340), np.int64(3110), np.int64(210)], [np.int64(4130), np.int64(4340), np.int64(3110), np.int64(420)], [np.int64(2690), np.int64(3110), np.int64(4340), np.int64(1860)], [np.int64(1250), np.int64(4340), np.int64(3110), np.int64(3110), np.int64(190)]]"
87,"4340: 5, 5310: 2, 3110: 5","[4340, 5310, 3110, 3110, 4340, 5310, 4340, 3110, 3110, 4340, 3110, 4340]","[[np.int64(4340), np.int64(5310), np.int64(2350)], [np.int64(760), np.int64(3110), np.int64(4340), np.int64(3790)], [np.int64(1520), np.int64(4340), np.int64(3110), np.int64(120), np.int64(2910)], [200, np.int64(4340), np.int64(3110), np.int64(4340), np.int64(10)]]"
88,"3110: 5, 4340: 5, 5310: 2","[3110, 4340, 4340, 4340, 3110, 5310, 4340, 5310, 3110, 3110, 3110, 4340]","[[np.int64(3110), np.int64(4340), np.int64(4340), np.int64(210)], [np.int64(4130), np.int64(3110), np.int64(4760)], [np.int64(550), np.int64(4340), np.int64(5310), np.int64(1800)], [np.int64(1310), np.int64(3110), np.int64(3110), np.int64(4340), np.int64(130)]]"
89,"3110: 6, 5310: 1","[3110, 5310, 3110, 3110, 3110, 3110, 3110]","[[np.int64(3110), np.int64(5310), np.int64(3110), np.int64(470)], [np.int64(2640), np.int64(3110), np.int64(3110), np.int64(3110), np.int64(30)]]"
90,"4340: 5, 3110: 5, 5310: 2","[4340, 3110, 3110, 3110, 4340, 3110, 4340, 5310, 4340, 3110, 5310, 4340]","[[np.int64(4340), np.int64(3110), np.int64(3110), np.int64(1440)], [np.int64(1670), np.int64(4340), np.int64(3110), np.int64(2880)], [np.int64(1460), np.int64(5310), np.int64(4340), np.int64(890)], [np.int64(2220), np.int64(5310), np.int64(4340), np.int64(130)]]"
91,"4340: 9, 3110: 5, 5310: 1","[4340, 3110, 5310, 4340, 4340, 3110, 4340, 4340, 3110, 3110, 3110, 4340, 4340, 4340, 4340]","[[np.int64(4340), np.int64(3110), np.int64(4550)], [np.int64(760), np.int64(4340), np.int64(4340), np.int64(2560)], [np.int64(550), np.int64(4340), np.int64(4340), np.int64(2770)], [np.int64(340), np.int64(3110), np.int64(3110), np.int64(4340), np.int64(1100)], [np.int64(3240), np.int64(4340), np.int64(4340), np.int64(80)]]"
92,"4340: 9, 3110: 5, 5310: 1","[4340, 3110, 5310, 4340, 4340, 3110, 4340, 4340, 3110, 3110, 3110, 4340, 4340, 4340, 4340]","[[np.int64(4340), np.int64(3110), np.int64(4550)], [np.int64(760), np.int64(4340), np.int64(4340), np.int64(2560)], [np.int64(550), np.int64(4340), np.int64(4340), np.int64(2770)], [np.int64(340), np.int64(3110), np.int64(3110), np.int64(4340), np.int64(1100)], [np.int64(3240), np.int64(4340), np.int64(4340), np.int64(80)]]"
93,"4340: 5, 3110: 5, 5310: 2","[4340, 3110, 3110, 3110, 4340, 3110, 4340, 5310, 4340, 3110, 5310, 4340]","[[np.int64(4340), np.int64(3110), np.int64(3110), np.int64(1440)], [np.int64(1670), np.int64(4340), np.int64(3110), np.int64(2880)], [np.int64(1460), np.int64(5310), np.int64(4340), np.int64(890)], [np.int64(2220), np.int64(5310), np.int64(4340), np.int64(130)]]"
94,"5310: 1, 3110: 6","[5310, 3110, 3110, 3110, 3110, 3110, 3110]","[[np.int64(5310), np.int64(3110), np.int64(3110), np.int64(470)], [np.int64(2640), np.int64(3110), np.int64(3110), np.int64(3110), np.int64(30)]]"
95,"3110: 7, 4340: 6","[3110, 3110, 3110, 4340, 4340, 3110, 4340, 3110, 3110, 4340, 4340, 4340, 3110]","[[np.int64(3110), np.int64(3110), np.int64(3110), np.int64(2670)], [np.int64(1670), np.int64(4340), np.int64(3110), np.int64(2880)], [np.int64(1460), np.int64(3110), np.int64(3110), np.int64(180), np.int64(4140)], [200, np.int64(4340), np.int64(4340), np.int64(3110), np.int64(10)]]"
96,"3110: 7, 4340: 6","[3110, 3110, 3110, 4340, 4340, 3110, 4340, 3110, 3110, 4340, 4340, 4340, 3110]","[[np.int64(3110), np.int64(3110), np.int64(3110), np.int64(2670)], [np.int64(1670), np.int64(4340), np.int64(3110), np.int64(2880)], [np.int64(1460), np.int64(3110), np.int64(3110), np.int64(180), np.int64(4140)], [200, np.int64(4340), np.int64(4340), np.int64(3110), np.int64(10)]]"
97,"5310: 1, 3110: 6","[5310, 3110, 3110, 3110, 3110, 3110, 3110]","[[np.int64(5310), np.int64(3110), np.int64(3110), np.int64(470)], [np.int64(2640), np.int64(3110), np.int64(3110), np.int64(3110), np.int64(30)]]"
98,"4340: 6, 3110: 7","[4340, 4340, 3110, 4340, 4340, 3110, 3110, 3110, 4340, 3110, 4340, 3110, 3110]","[[np.int64(4340), np.int64(4340), np.int64(3110), np.int64(210)], [np.int64(4130), np.int64(4340), np.int64(3110), np.int64(420)], [np.int64(2690), np.int64(3110), np.int64(4340), np.int64(1860)], [np.int64(1250), np.int64(4340), np.int64(3110), np.int64(3110), np.int64(190)]]"
99,"4340: 5, 5310: 2, 3110: 5","[4340, 5310, 3110, 3110, 4340, 5310, 4340, 3110, 3110, 4340, 3110, 4340]","[[np.int64(4340), np.int64(5310), np.int64(2350)], [np.int64(760), np.int64(3110), np.int64(4340), np.int64(3790)], [np.int64(1520), np.int64(4340), np.int64(3110), np.int64(120), np.int64(2910)], [200, np.int64(4340), np.int64(3110), np.int64(4340), np.int64(10)]]"
100,"3110: 5, 4340: 5, 5310: 2","[3110, 4340, 4340, 4340, 3110, 5310, 4340, 5310, 3110, 3110, 3110, 4340]","[[np.int64(3110), np.int64(4340), np.int64(4340), np.int64(210)], [np.int64(4130), np.int64(3110), np.int64(4760)], [np.int64(550), np.int64(4340), np.int64(5310), np.int64(1800)], [np.int64(1310), np.int64(3110), np.int64(3110), np.int64(4340), np.int64(130)]]"
101,"4340: 9, 3110: 5, 5310: 1","[4340, 3110, 5310, 4340, 4340, 3110, 4340, 4340, 3110, 3110, 3110, 4340, 4340, 4340, 4340]","[[np.int64(4340), np.int64(3110), np.int64(4550)], [np.int64(760), np.int64(4340), np.int64(4340), np.int64(2560)], [np.int64(550), np.int64(4340), np.int64(4340), np.int64(2770)], [np.int64(340), np.int64(3110), np.int64(3110), np.int64(4340), np.int64(1100)], [np.int64(3240), np.int64(4340), np.int64(4340), np.int64(80)]]"
102,"4340: 6, 3110: 7","[4340, 4340, 3110, 4340, 4340, 3110, 3110, 3110, 4340, 3110, 4340, 3110, 3110]","[[np.int64(4340), np.int64(4340), np.int64(3110), np.int64(210)], [np.int64(4130), np.int64(4340), np.int64(3110), np.int64(420)], [np.int64(2690), np.int64(3110), np.int64(4340), np.int64(1860)], [np.int64(1250), np.int64(4340), np.int64(3110), np.int64(3110), np.int64(190)]]"
103,"3110: 7, 4340: 6","[3110, 3110, 3110, 4340, 4340, 3110, 4340, 3110, 3110, 4340, 4340, 4340, 3110]","[[np.int64(3110), np.int64(3110), np.int64(3110), np.int64(2670)], [np.int64(1670), np.int64(4340), np.int64(3110), np.int64(2880)], [np.int64(1460), np.int64(3110), np.int64(3110), np.int64(180), np.int64(4140)], [200, np.int64(4340), np.int64(4340), np.int64(3110), np.int64(10)]]"
104,"3110: 6, 5310: 1","[3110, 5310, 3110, 3110, 3110, 3110, 3110]","[[np.int64(3110), np.int64(5310), np.int64(3110), np.int64(470)], [np.int64(2640), np.int64(3110), np.int64(3110), np.int64(3110), np.int64(30)]]"
105,"4340: 5, 3110: 5, 5310: 2","[4340, 3110, 3110, 3110, 4340, 3110, 4340, 5310, 4340, 3110, 5310, 4340]","[[np.int64(4340), np.int64(3110), np.int64(3110), np.int64(1440)], [np.int64(1670), np.int64(4340), np.int64(3110), np.int64(2880)], [np.int64(1460), np.int64(5310), np.int64(4340), np.int64(890)], [np.int64(2220), np.int64(5310), np.int64(4340), np.int64(130)]]"
106,"4340: 6, 3110: 7","[4340, 4340, 3110, 4340, 4340, 3110, 3110, 3110, 4340, 3110, 4340, 3110, 3110]","[[np.int64(4340), np.int64(4340), np.int64(3110), np.int64(210)], [np.int64(4130), np.int64(4340), np.int64(3110), np.int64(420)], [np.int64(2690), np.int64(3110), np.int64(4340), np.int64(1860)], [np.int64(1250), np.int64(4340), np.int64(3110), np.int64(3110), np.int64(190)]]"
107,"3110: 6, 5310: 1","[3110, 5310, 3110, 3110, 3110, 3110, 3110]","[[np.int64(3110), np.int64(5310), np.int64(3110), np.int64(470)], [np.int64(2640), np.int64(3110), np.int64(3110), np.int64(3110), np.int64(30)]]"
108,"3110: 6, 5310: 1","[3110, 5310, 3110, 3110, 3110, 3110, 3110]","[[np.int64(3110), np.int64(5310), np.int64(3110), np.int64(470)], [np.int64(2640), np.int64(3110), np.int64(3110), np.int64(3110), np.int64(30)]]"
109,"4340: 5, 3110: 5, 5310: 2","[4340, 3110, 3110, 3110, 4340, 3110, 4340, 5310, 4340, 3110, 5310, 4340]","[[np.int64(4340), np.int64(3110), np.int64(3110), np.int64(1440)], [np.int64(1670), np.int64(4340), np.int64(3110), np.int64(2880)], [np.int64(1460), np.int64(5310), np.int64(4340), np.int64(890)], [np.int64(2220), np.int64(5310), np.int64(4340), np.int64(130)]]"
110,"3110: 7, 4340: 6","[3110, 3110, 3110, 4340, 4340, 3110, 4340, 3110, 3110, 4340, 4340, 4340, 3110]","[[np.int64(3110), np.int64(3110), np.int64(3110), np.int64(2670)], [np.int64(1670), np.int64(4340), np.int64(3110), np.int64(2880)], [np.int64(1460), np.int64(3110), np.int64(3110), np.int64(180), np.int64(4140)], [200, np.int64(4340), np.int64(4340), np.int64(3110), np.int64(10)]]"
111,"3110: 5, 4340: 5, 5310: 2","[3110, 4340, 4340, 4340, 3110, 5310, 4340, 5310, 3110, 3110, 3110, 4340]","[[np.int64(3110), np.int64(4340), np.int64(4340), np.int64(210)], [np.int64(4130), np.int64(3110), np.int64(4760)], [np.int64(550), np.int64(4340), np.int64(5310), np.int64(1800)], [np.int64(1310), np.int64(3110), np.int64(3110), np.int64(4340), np.int64(130)]]"
112,"3110: 7, 4340: 6","[3110, 3110, 3110, 4340, 4340, 3110, 4340, 3110, 3110, 4340, 4340, 4340, 3110]","[[np.int64(3110), np.int64(3110), np.int64(3110), np.int64(2670)], [np.int64(1670), np.int64(4340), np.int64(3110), np.int64(2880)], [np.int64(1460), np.int64(3110), np.int64(3110), np.int64(180), np.int64(4140)], [200, np.int64(4340), np.int64(4340), np.int64(3110), np.int64(10)]]"
113,"3110: 5, 4340: 9, 5310: 1","[3110, 4340, 4340, 3110, 3110, 3110, 4340, 4340, 3110, 4340, 4340, 4340, 5310, 4340, 4340]","[[np.int64(3110), np.int64(4340), np.int64(4340), np.int64(210)], [np.int64(2900), np.int64(3110), np.int64(3110), np.int64(2880)], [np.int64(1460), np.int64(4340), np.int64(3110), np.int64(3090)], [np.int64(1250), np.int64(4340), np.int64(4340), np.int64(2070)], [np.int64(3240), np.int64(4340), np.int64(4340), np.int64(80)]]"
114,"3110: 5, 4340: 5, 5310: 2","[3110, 4340, 4340, 4340, 3110, 5310, 4340, 5310, 3110, 3110, 3110, 4340]","[[np.int64(3110), np.int64(4340), np.int64(4340), np.int64(210)], [np.int64(4130), np.int64(3110), np.int64(4760)], [np.int64(550), np.int64(4340), np.int64(5310), np.int64(1800)], [np.int64(1310), np.int64(3110), np.int64(3110), np.int64(4340), np.int64(130)]]"
115,"3110: 6, 5310: 1","[3110, 5310, 3110, 3110, 3110, 3110, 3110]","[[np.int64(3110), np.int64(5310), np.int64(3110), np.int64(470)], [np.int64(2640), np.int64(3110), np.int64(3110), np.int64(3110), np.int64(30)]]"
116,"5310: 2, 4340: 5, 3110: 5","[5310, 4340, 3110, 3110, 4340, 4340, 3110, 4340, 3110, 4340, 5310, 3110]","[[np.int64(5310), np.int64(4340), np.int64(2350)], [np.int64(760), np.int64(3110), np.int64(4340), np.int64(3790)], [np.int64(550), np.int64(3110), np.int64(4340), np.int64(3110), np.int64(890)], [np.int64(3450), np.int64(5310), np.int64(3110), np.int64(130)]]"
117,"3110: 7, 4340: 6","[3110, 3110, 3110, 4340, 4340, 3110, 4340, 3110, 3110, 4340, 4340, 4340, 3110]","[[np.int64(3110), np.int64(3110), np.int64(3110), np.int64(2670)], [np.int64(1670), np.int64(4340), np.int64(3110), np.int64(2880)], [np.int64(1460), np.int64(3110), np.int64(3110), np.int64(180), np.int64(4140)], [200, np.int64(4340), np.int64(4340), np.int64(3110), np.int64(10)]]"
118,"3110: 6, 5310: 1","[3110, 5310, 3110, 3110, 3110, 3110, 3110]","[[np.int64(3110), np.int64(5310), np.int64(3110), np.int64(470)], [np.int64(2640), np.int64(3110), np.int64(3110), np.int64(3110), np.int64(30)]]"
119,"3110: 5, 4340: 9, 5310: 1","[3110, 4340, 4340, 3110, 3110, 3110, 4340, 4340, 3110, 4340, 4340, 4340, 5310, 4340, 4340]","[[np.int64(3110), np.int64(4340), np.int64(4340), np.int64(210)], [np.int64(2900), np.int64(3110), np.int64(3110), np.int64(2880)], [np.int64(1460), np.int64(4340), np.int64(3110), np.int64(3090)], [np.int64(1250), np.int64(4340), np.int64(4340), np.int64(2070)], [np.int64(3240), np.int64(4340), np.int64(4340), np.int64(80)]]"
120,"5310: 1, 3110: 6","[5310, 3110, 3110, 3110, 3110, 3110, 3110]","[[np.int64(5310), np.int64(3110), np.int64(3110), np.int64(470)], [np.int64(2640), np.int64(3110), np.int64(3110), np.int64(3110), np.int64(30)]]"
121,"4340: 5, 5310: 2, 3110: 5","[4340, 5310, 3110, 3110, 4340, 5310, 4340, 3110, 3110, 4340, 3110, 4340]","[[np.int64(4340), np.int64(5310), np.int64(2350)], [np.int64(760), np.int64(3110), np.int64(4340), np.int64(3790)], [np.int64(1520), np.int64(4340), np.int64(3110), np.int64(120), np.int64(2910)], [200, np.int64(4340), np.int64(3110), np.int64(4340), np.int64(10)]]"
122,"4340: 5, 3110: 5, 5310: 2","[4340, 3110, 3110, 3110, 4340, 3110, 4340, 5310, 4340, 3110, 5310, 4340]","[[np.int64(4340), np.int64(3110), np.int64(3110), np.int64(1440)], [np.int64(1670), np.int64(4340), np.int64(3110), np.int64(2880)], [np.int64(1460), np.int64(5310), np.int64(4340), np.int64(890)], [np.int64(2220), np.int64(5310), np.int64(4340), np.int64(130)]]"
123,"3110: 6, 5310: 1","[3110, 5310, 3110, 3110, 3110, 3110, 3110]","[[np.int64(3110), np.int64(5310), np.int64(3110), np.int64(470)], [np.int64(2640), np.int64(3110), np.int64(3110), np.int64(3110), np.int64(30)]]"
124,"3110: 5, 4340: 5, 5310: 2","[3110, 4340, 4340, 4340, 3110, 5310, 4340, 5310, 3110, 3110, 3110, 4340]","[[np.int64(3110), np.int64(4340), np.int64(4340), np.int64(210)], [np.int64(4130), np.int64(3110), np.int64(4760)], [np.int64(550), np.int64(4340), np.int64(5310), np.int64(1800)], [np.int64(1310), np.int64(3110), np.int64(3110), np.int64(4340), np.int64(130)]]"
125,"4340: 6, 3110: 7","[4340, 4340, 3110, 4340, 4340, 3110, 3110, 3110, 4340, 3110, 4340, 3110, 3110]","[[np.int64(4340), np.int64(4340), np.int64(3110), np.int64(210)], [np.int64(4130), np.int64(4340), np.int64(3110), np.int64(420)], [np.int64(2690), np.int64(3110), np.int64(4340), np.int64(1860)], [np.int64(1250), np.int64(4340), np.int64(3110), np.int64(3110), np.int64(190)]]"
126,"3110: 6, 5310: 1","[3110, 5310, 3110, 3110, 3110, 3110, 3110]","[[np.int64(3110), np.int64(5310), np.int64(3110), np.int64(470)], [np.int64(2640), np.int64(3110), np.int64(3110), np.int64(3110), np.int64(30)]]"
127,"3110: 7, 4340: 6","[3110, 3110, 3110, 4340, 4340, 3110, 4340, 3110, 3110, 4340, 4340, 4340, 3110]","[[np.int64(3110), np.int64(3110), np.int64(3110), np.int64(2670)], [np.int64(1670), np.int64(4340), np.int64(3110), np.int64(2880)], [np.int64(1460), np.int64(3110), np.int64(3110), np.int64(180), np.int64(4140)], [200, np.int64(4340), np.int64(4340), np.int64(3110), np.int64(10)]]"
128,"3110: 6, 5310: 1","[3110, 5310, 3110, 3110, 3110, 3110, 3110]","[[np.int64(3110), np.int64(5310), np.int64(3110), np.int64(470)], [np.int64(2640), np.int64(3110), np.int64(3110), np.int64(3110), np.int64(30)]]"
129,"3110: 6, 5310: 1","[3110, 5310, 3110, 3110, 3110, 3110, 3110]","[[np.int64(3110), np.int64(5310), np.int64(3110), np.int64(470)], [np.int64(2640), np.int64(3110), np.int64(3110), np.int64(3110), np.int64(30)]]"
130,"3110: 5, 5310: 3, 4340: 1","[3110, 5310, 5310, 4340, 3110, 3110, 3110, 3110, 5310]","[[np.int64(3110), np.int64(5310), np.int64(3580)], [np.int64(1730), np.int64(4340), np.int64(3110), np.int64(2820)], [np.int64(290), np.int64(3110), np.int64(3110), np.int64(5310), np.int64(180)]]"
131,"3110: 5, 4340: 5, 5310: 2","[3110, 4340, 4340, 4340, 3110, 5310, 4340, 5310, 3110, 3110, 3110, 4340]","[[np.int64(3110), np.int64(4340), np.int64(4340), np.int64(210)], [np.int64(4130), np.int64(3110), np.int64(4760)], [np.int64(550), np.int64(4340), np.int64(5310), np.int64(1800)], [np.int64(1310), np.int64(3110), np.int64(3110), np.int64(4340), np.int64(130)]]"
132,"5310: 1, 3110: 6","[5310, 3110, 3110, 3110, 3110, 3110, 3110]","[[np.int64(5310), np.int64(3110), np.int64(3110), np.int64(470)], [np.int64(2640), np.int64(3110), np.int64(3110), np.int64(3110), np.int64(30)]]"
133,"3110: 5, 5310: 2, 4340: 5","[3110, 3110, 5310, 4340, 5310, 4340, 4340, 4340, 3110, 3110, 4340, 3110]","[[np.int64(3110), np.int64(3110), np.int64(5310), np.int64(470)], [np.int64(3870), np.int64(5310), np.int64(2820)], [np.int64(1520), np.int64(4340), np.int64(4340), np.int64(1800)], [np.int64(1310), np.int64(3110), np.int64(4340), np.int64(3110), np.int64(130)]]"
134,"4340: 6, 3110: 7","[4340, 4340, 3110, 4340, 4340, 3110, 3110, 3110, 4340, 3110, 4340, 3110, 3110]","[[np.int64(4340), np.int64(4340), np.int64(3110), np.int64(210)], [np.int64(4130), np.int64(4340), np.int64(3110), np.int64(420)], [np.int64(2690), np.int64(3110), np.int64(4340), np.int64(1860)], [np.int64(1250), np.int64(4340), np.int64(3110), np.int64(3110), np.int64(190)]]"
135,"4340: 9, 3110: 5, 5310: 1","[4340, 3110, 5310, 4340, 4340, 3110, 4340, 4340, 3110, 3110, 3110, 4340, 4340, 4340, 4340]","[[np.int64(4340), np.int64(3110), np.int64(4550)], [np.int64(760), np.int64(4340), np.int64(4340), np.int64(2560)], [np.int64(550), np.int64(4340), np.int64(4340), np.int64(2770)], [np.int64(340), np.int64(3110), np.int64(3110), np.int64(4340), np.int64(1100)], [np.int64(3240), np.int64(4340), np.int64(4340), np.int64(80)]]"
136,"4340: 6, 3110: 7","[4340, 4340, 3110, 4340, 4340, 3110, 3110, 3110, 4340, 3110, 4340, 3110, 3110]","[[np.int64(4340), np.int64(4340), np.int64(3110), np.int64(210)], [np.int64(4130), np.int64(4340), np.int64(3110), np.int64(420)], [np.int64(2690), np.int64(3110), np.int64(4340), np.int64(1860)], [np.int64(1250), np.int64(4340), np.int64(3110), np.int64(3110), np.int64(190)]]"
137,"3110: 5, 4340: 9, 5310: 1","[3110, 4340, 4340, 3110, 3110, 3110, 4340, 4340, 3110, 4340, 4340, 4340, 5310, 4340, 4340]","[[np.int64(3110), np.int64(4340), np.int64(4340), np.int64(210)], [np.int64(2900), np.int64(3110), np.int64(3110), np.int64(2880)], [np.int64(1460), np.int64(4340), np.int64(3110), np.int64(3090)], [np.int64(1250), np.int64(4340), np.int64(4340), np.int64(2070)], [np.int64(3240), np.int64(4340), np.int64(4340), np.int64(80)]]"
138,"4340: 6, 3110: 7","[4340, 4340, 3110, 4340, 4340, 3110, 3110, 3110, 4340, 3110, 4340, 3110, 3110]","[[np.int64(4340), np.int64(4340), np.int64(3110), np.int64(210)], [np.int64(4130), np.int64(4340), np.int64(3110), np.int64(420)], [np.int64(2690), np.int64(3110), np.int64(4340), np.int64(1860)], [np.int64(1250), np.int64(4340), np.int64(3110), np.int64(3110), np.int64(190)]]"
139,"3110: 6, 5310: 1","[3110, 5310, 3110, 3110, 3110, 3110, 3110]","[[np.int64(3110), np.int64(5310), np.int64(3110), np.int64(470)], [np.int64(2640), np.int64(3110), np.int64(3110), np.int64(3110), np.int64(30)]]"
140,"3110: 5, 4340: 1, 5310: 3","[3110, 4340, 3110, 5310, 3110, 3110, 5310, 5310, 3110]","[[np.int64(3110), np.int64(4340), np.int64(3110), np.int64(1440)], [np.int64(3870), np.int64(3110), np.int64(3110), np.int64(1910)], [np.int64(3400), np.int64(5310), np.int64(3110), np.int64(180)]]"
141,"3110: 3, 4340: 4, 5310: 4","[3110, 3110, 4340, 5310, 4340, 3110, 5310, 5310, 4340, 4340, 5310]","[[np.int64(3110), np.int64(3110), np.int64(4340), np.int64(1440)], [np.int64(3870), np.int64(4340), np.int64(3110), np.int64(680)], [np.int64(4630), np.int64(5310), np.int64(2060)], [np.int64(2280), np.int64(4340), np.int64(5310), np.int64(70)]]"
142,"4340: 1, 3110: 5, 5310: 3","[4340, 3110, 5310, 3110, 3110, 5310, 3110, 3110, 5310]","[[np.int64(4340), np.int64(3110), np.int64(4550)], [np.int64(760), np.int64(3110), np.int64(3110), np.int64(5020)], [np.int64(290), np.int64(3110), np.int64(3110), np.int64(5310), np.int64(180)]]"
143,"4340: 9, 3110: 5, 5310: 1","[4340, 3110, 5310, 4340, 4340, 3110, 4340, 4340, 3110, 3110, 3110, 4340, 4340, 4340, 4340]","[[np.int64(4340), np.int64(3110), np.int64(4550)], [np.int64(760), np.int64(4340), np.int64(4340), np.int64(2560)], [np.int64(550), np.int64(4340), np.int64(4340), np.int64(2770)], [np.int64(340), np.int64(3110), np.int64(3110), np.int64(4340), np.int64(1100)], [np.int64(3240), np.int64(4340), np.int64(4340), np.int64(80)]]"
144,"3110: 6, 5310: 1","[3110, 5310, 3110, 3110, 3110, 3110, 3110]","[[np.int64(3110), np.int64(5310), np.int64(3110), np.int64(470)], [np.int64(2640), np.int64(3110), np.int64(3110), np.int64(3110), np.int64(30)]]"
145,"3110: 5, 5310: 3, 4340: 1","[3110, 5310, 5310, 4340, 3110, 3110, 3110, 3110, 5310]","[[np.int64(3110), np.int64(5310), np.int64(3580)], [np.int64(1730), np.int64(4340), np.int64(3110), np.int64(2820)], [np.int64(290), np.int64(3110), np.int64(3110), np.int64(5310), np.int64(180)]]"
146,"3110: 6, 5310: 1","[3110, 5310, 3110, 3110, 3110, 3110, 3110]","[[np.int64(3110), np.int64(5310), np.int64(3110), np.int64(470)], [np.int64(2640), np.int64(3110), np.int64(3110), np.int64(3110), np.int64(30)]]"
147,4340: 4,"[4340, 4340, 4340, 4340]","[[np.int64(4340), np.int64(4340), np.int64(3320)], [np.int64(1020), np.int64(4340), np.int64(5310), np.int64(1330)]]"
